onset,duration,trial_type,file_path
0.000,0.500,exp,examples/RSVP-Images/images/humvee.jpg
4.500,0.500,exp,examples/RSVP-Images/images/earwig.jpg
9.000,0.500,exp,examples/RSVP-Images/images/bird.jpg
13.500,0.500,exp,examples/RSVP-Images/images/loincloth.jpg
18.000,0.500,exp,examples/RSVP-Images/images/teacup.jpg
22.500,0.500,exp,examples/RSVP-Images/images/can.jpg
27.000,0.500,exp,examples/RSVP-Images/images/touchpad.jpg
31.500,0.500,exp,examples/RSVP-Images/images/lightbulb.jpg
36.000,0.500,exp,examples/RSVP-Images/images/braid.jpg
40.500,0.500,exp,examples/RSVP-Images/images/muffin.jpg
45.000,0.500,exp,examples/RSVP-Images/images/cooler.jpg
49.500,0.500,exp,examples/RSVP-Images/images/caramel.jpg
54.000,0.500,exp,examples/RSVP-Images/images/scone.jpg
58.500,0.500,exp,examples/RSVP-Images/images/icicle.jpg
63.000,0.500,exp,examples/RSVP-Images/images/rattle.jpg
67.500,0.500,exp,examples/RSVP-Images/images/espresso.jpg
72.000,0.500,exp,examples/RSVP-Images/images/melon.jpg
76.500,0.500,exp,examples/RSVP-Images/images/battery.jpg
81.000,0.500,exp,examples/RSVP-Images/images/bubble.jpg
85.500,0.500,exp,examples/RSVP-Images/images/turnstile.jpg
90.000,0.500,exp,examples/RSVP-Images/images/toaster_oven.jpg
94.500,0.500,exp,examples/RSVP-Images/images/odometer.jpg
99.000,0.500,exp,examples/RSVP-Images/images/pool_table.jpg
103.500,0.500,exp,examples/RSVP-Images/images/scissors.jpg
108.000,0.500,exp,examples/RSVP-Images/images/leek.jpg
112.500,0.500,exp,examples/RSVP-Images/images/chute.jpg
117.000,0.500,exp,examples/RSVP-Images/images/shovel.jpg
121.500,0.500,exp,examples/RSVP-Images/images/matchbox.jpg
126.000,0.500,exp,examples/RSVP-Images/images/tractor.jpg
130.500,0.500,exp,examples/RSVP-Images/images/suspenders.jpg
135.000,0.500,exp,examples/RSVP-Images/images/thimble.jpg
139.500,0.500,exp,examples/RSVP-Images/images/skull.jpg
144.000,0.500,exp,examples/RSVP-Images/images/telegraph.jpg
148.500,0.500,exp,examples/RSVP-Images/images/rooster.jpg
153.000,0.500,exp,examples/RSVP-Images/images/bell_pepper.jpg
157.500,0.500,exp,examples/RSVP-Images/images/pants.jpg
162.000,0.500,exp,examples/RSVP-Images/images/appetizer.jpg
166.500,0.500,exp,examples/RSVP-Images/images/umbrella.jpg
171.000,0.500,exp,examples/RSVP-Images/images/aircraft_carrier.jpg
175.500,0.500,exp,examples/RSVP-Images/images/puppy.jpg
180.000,0.500,exp,examples/RSVP-Images/images/pelican.jpg
184.500,0.500,exp,examples/RSVP-Images/images/nose.jpg
189.000,0.500,exp,examples/RSVP-Images/images/microscope.jpg
193.500,0.500,exp,examples/RSVP-Images/images/clock.jpg
198.000,0.500,exp,examples/RSVP-Images/images/organ.jpg
202.500,0.500,exp,examples/RSVP-Images/images/metronome.jpg
207.000,0.500,exp,examples/RSVP-Images/images/wagon.jpg
211.500,0.500,exp,examples/RSVP-Images/images/file1.jpg
216.000,0.500,exp,examples/RSVP-Images/images/statue.jpg
220.500,0.500,exp,examples/RSVP-Images/images/seal.jpg
225.000,0.500,exp,examples/RSVP-Images/images/teapot.jpg
229.500,0.500,exp,examples/RSVP-Images/images/bassoon.jpg
234.000,0.500,exp,examples/RSVP-Images/images/cookie.jpg
238.500,0.500,exp,examples/RSVP-Images/images/balloon.jpg
243.000,0.500,exp,examples/RSVP-Images/images/doghouse.jpg
247.500,0.500,exp,examples/RSVP-Images/images/air_pump.jpg
252.000,0.500,exp,examples/RSVP-Images/images/goat.jpg
256.500,0.500,exp,examples/RSVP-Images/images/garlic.jpg
261.000,0.500,exp,examples/RSVP-Images/images/thermostat.jpg
265.500,0.500,exp,examples/RSVP-Images/images/pom-pom.jpg
270.000,0.500,exp,examples/RSVP-Images/images/hat.jpg
274.500,0.500,exp,examples/RSVP-Images/images/pug.jpg
279.000,0.500,exp,examples/RSVP-Images/images/velcro.jpg
283.500,0.500,exp,examples/RSVP-Images/images/gramophone.jpg
288.000,0.500,exp,examples/RSVP-Images/images/hairpin.jpg
292.500,0.500,exp,examples/RSVP-Images/images/beaker.jpg
297.000,0.500,exp,examples/RSVP-Images/images/cracker.jpg
301.500,0.500,exp,examples/RSVP-Images/images/oatmeal.jpg
306.000,0.500,exp,examples/RSVP-Images/images/bagpipe.jpg
310.500,0.500,exp,examples/RSVP-Images/images/xylophone.jpg
315.000,0.500,exp,examples/RSVP-Images/images/bank.jpg
319.500,0.500,exp,examples/RSVP-Images/images/stove2.jpg
324.000,0.500,exp,examples/RSVP-Images/images/denture.jpg
328.500,0.500,exp,examples/RSVP-Images/images/leotard.jpg
333.000,0.500,exp,examples/RSVP-Images/images/shoe_polish.jpg
337.500,0.500,catch,examples/RSVP-Images/images/bandage.jpg
342.000,0.500,exp,examples/RSVP-Images/images/fudge.jpg
346.500,0.500,exp,examples/RSVP-Images/images/canister.jpg
351.000,0.500,exp,examples/RSVP-Images/images/camera1.jpg
355.500,0.500,exp,examples/RSVP-Images/images/wheat.jpg
360.000,0.500,exp,examples/RSVP-Images/images/drum.jpg
364.500,0.500,exp,examples/RSVP-Images/images/rollerskate.jpg
369.000,0.500,exp,examples/RSVP-Images/images/ribbon.jpg
373.500,0.500,exp,examples/RSVP-Images/images/basket.jpg
378.000,0.500,exp,examples/RSVP-Images/images/spring_roll.jpg
382.500,0.500,exp,examples/RSVP-Images/images/firewood.jpg
387.000,0.500,exp,examples/RSVP-Images/images/rake.jpg
391.500,0.500,exp,examples/RSVP-Images/images/alpaca.jpg
396.000,0.500,exp,examples/RSVP-Images/images/record.jpg
400.500,0.500,exp,examples/RSVP-Images/images/cranberry.jpg
405.000,0.500,exp,examples/RSVP-Images/images/rocking_chair.jpg
409.500,0.500,exp,examples/RSVP-Images/images/helmet.jpg
414.000,0.500,exp,examples/RSVP-Images/images/straightjacket.jpg
418.500,0.500,exp,examples/RSVP-Images/images/keyhole.jpg
423.000,0.500,catch,examples/RSVP-Images/images/snowman.jpg
427.500,0.500,exp,examples/RSVP-Images/images/grinder.jpg
432.000,0.500,exp,examples/RSVP-Images/images/skin.jpg
436.500,0.500,exp,examples/RSVP-Images/images/telescope.jpg
441.000,0.500,exp,examples/RSVP-Images/images/clothespin.jpg
445.500,0.500,catch,examples/RSVP-Images/images/latte.jpg
450.000,0.500,exp,examples/RSVP-Images/images/tupperware.jpg
454.500,0.500,exp,examples/RSVP-Images/images/recorder.jpg
459.000,0.500,exp,examples/RSVP-Images/images/sandbox.jpg
463.500,0.500,exp,examples/RSVP-Images/images/shower_cap.jpg
468.000,0.500,exp,examples/RSVP-Images/images/retainer.jpg
472.500,0.500,exp,examples/RSVP-Images/images/snowsuit.jpg
477.000,0.500,exp,examples/RSVP-Images/images/skirt.jpg
481.500,0.500,exp,examples/RSVP-Images/images/mousetrap.jpg
486.000,0.500,exp,examples/RSVP-Images/images/scanner.jpg
490.500,0.500,exp,examples/RSVP-Images/images/cummerbund.jpg
495.000,0.500,exp,examples/RSVP-Images/images/graffiti.jpg
499.500,0.500,exp,examples/RSVP-Images/images/lime.jpg
504.000,0.500,exp,examples/RSVP-Images/images/ice_cream.jpg
508.500,0.500,exp,examples/RSVP-Images/images/steamroller.jpg
513.000,0.500,exp,examples/RSVP-Images/images/mustard.jpg
517.500,0.500,exp,examples/RSVP-Images/images/float.jpg
522.000,0.500,exp,examples/RSVP-Images/images/peppermint.jpg
526.500,0.500,exp,examples/RSVP-Images/images/pedal.jpg
531.000,0.500,exp,examples/RSVP-Images/images/doormat.jpg
535.500,0.500,exp,examples/RSVP-Images/images/llama.jpg
540.000,0.500,exp,examples/RSVP-Images/images/horse.jpg
544.500,0.500,exp,examples/RSVP-Images/images/sponge.jpg
549.000,0.500,exp,examples/RSVP-Images/images/knot.jpg
553.500,0.500,exp,examples/RSVP-Images/images/ticktacktoe.jpg
558.000,0.500,exp,examples/RSVP-Images/images/palm_tree.jpg
562.500,0.500,exp,examples/RSVP-Images/images/snack.jpg
567.000,0.500,exp,examples/RSVP-Images/images/hairnet.jpg
571.500,0.500,exp,examples/RSVP-Images/images/leech.jpg
576.000,0.500,exp,examples/RSVP-Images/images/seafood.jpg
580.500,0.500,exp,examples/RSVP-Images/images/amplifier.jpg
585.000,0.500,exp,examples/RSVP-Images/images/showerhead.jpg
589.500,0.500,exp,examples/RSVP-Images/images/knob.jpg
594.000,0.500,exp,examples/RSVP-Images/images/bulletin_board.jpg
598.500,0.500,exp,examples/RSVP-Images/images/mustache.jpg
603.000,0.500,exp,examples/RSVP-Images/images/cordon_bleu.jpg
607.500,0.500,exp,examples/RSVP-Images/images/sandpaper.jpg
612.000,0.500,exp,examples/RSVP-Images/images/bear.jpg
616.500,0.500,exp,examples/RSVP-Images/images/mattress.jpg
621.000,0.500,exp,examples/RSVP-Images/images/burner.jpg
625.500,0.500,exp,examples/RSVP-Images/images/sewing_kit.jpg
630.000,0.500,exp,examples/RSVP-Images/images/chalk.jpg
634.500,0.500,exp,examples/RSVP-Images/images/cabinet.jpg
639.000,0.500,exp,examples/RSVP-Images/images/paperclip.jpg
643.500,0.500,exp,examples/RSVP-Images/images/ratchet.jpg
648.000,0.500,exp,examples/RSVP-Images/images/navel.jpg
652.500,0.500,exp,examples/RSVP-Images/images/chicken_wire.jpg
657.000,0.500,exp,examples/RSVP-Images/images/gem.jpg
661.500,0.500,exp,examples/RSVP-Images/images/sand.jpg
