Type,Onset,Duration,DurationCorrected
Opto1,0.250,4390.250,4370.250
TTLin1,5417.250,5.000,5.000
Opto1,5450.000,224.500,204.500
TTLin1,5921.500,5.000,5.000
Opto1,5949.750,224.500,204.500
TTLin1,6421.250,5.000,5.000
Opto1,6449.500,224.500,204.500
TTLin1,6923.250,5.000,5.000
Opto1,6949.000,224.750,204.750
TTLin1,7422.750,5.000,5.000
Opto1,7449.000,224.500,204.500
TTLin1,7923.750,5.250,5.250
Opto1,7948.750,224.250,204.250
TTLin1,8423.500,5.250,5.250
Opto1,8448.250,224.500,204.500
TTLin1,8924.000,5.000,5.000
Opto1,8948.000,224.500,204.500
TTLin1,9423.750,5.000,5.000
Opto1,9447.750,241.000,221.000
TTLin1,9940.250,5.000,5.000
Opto1,9964.000,224.500,204.500
TTLin1,10439.750,5.000,5.000
Opto1,10463.750,224.500,204.500
TTLin1,10940.000,5.250,5.250
Opto1,10963.500,224.500,204.500
TTLin1,11439.750,5.000,5.000
Opto1,11463.000,241.500,221.500
TTLin1,11954.250,5.000,5.000
Opto1,11979.500,224.500,204.500
TTLin1,12454.250,5.250,5.250
Opto1,12479.250,224.500,204.500
TTLin1,12954.000,5.000,5.000
Opto1,12979.000,224.500,204.500
TTLin1,13453.500,5.250,5.250
Opto1,13478.750,224.500,204.500
TTLin1,13954.250,5.250,5.250
Opto1,13978.250,224.500,204.500
TTLin1,14454.250,5.250,5.250
Opto1,14478.250,224.500,204.500
TTLin1,14954.500,5.250,5.250
Opto1,14977.750,224.500,204.500
TTLin1,15454.500,5.000,5.000
Opto1,15477.500,224.500,204.500
TTLin1,15954.250,5.000,5.000
Opto1,15977.250,224.500,204.500
TTLin1,16453.750,5.250,5.250
Opto1,16477.000,224.500,204.500
TTLin1,16953.500,5.000,5.000
Opto1,16976.750,224.250,204.250
TTLin1,17453.250,5.250,5.250
Opto1,17476.500,224.250,204.250
TTLin1,17952.750,5.250,5.250
Opto1,17976.250,224.250,204.250
TTLin1,18452.750,5.000,5.000
Opto1,18475.750,224.500,204.500
TTLin1,18952.250,5.250,5.250
Opto1,18975.500,224.500,204.500
TTLin1,19452.000,5.250,5.250
Opto1,19475.000,241.500,221.500
TTLin1,19967.500,5.000,5.000
Opto1,19991.500,224.500,204.500
TTLin1,20467.500,5.000,5.000
Opto1,20491.500,241.000,221.000
TTLin1,20982.750,5.250,5.250
Opto1,21007.750,224.500,204.500
TTLin1,21482.750,5.000,5.000
Opto1,21507.250,224.750,204.750
TTLin1,21982.750,5.000,5.000
Opto1,22007.000,224.500,204.500
TTLin1,22482.750,5.000,5.000
Opto1,22507.000,224.250,204.250
TTLin1,22982.500,5.000,5.000
Opto1,23006.500,224.500,204.500
TTLin1,23482.250,5.000,5.000
Opto1,23506.250,224.500,204.500
TTLin1,23982.000,5.250,5.250
Opto1,24006.000,224.250,204.250
TTLin1,24481.750,5.250,5.250
Opto1,24505.750,241.000,221.000
TTLin1,24995.500,5.000,5.000
Opto1,25022.000,224.500,204.500
TTLin1,25495.000,5.000,5.000
Opto1,25521.750,224.500,204.500
TTLin1,25996.500,5.000,5.000
Opto1,26021.500,224.500,204.500
TTLin1,26496.250,5.000,5.000
Opto1,26521.250,224.250,204.250
TTLin1,26996.250,5.000,5.000
Opto1,27021.000,224.250,204.250
TTLin1,27496.500,5.000,5.000
Opto1,27520.750,224.250,204.250
TTLin1,27996.250,5.000,5.000
Opto1,28020.250,224.250,204.250
TTLin1,28496.250,5.000,5.000
Opto1,28519.750,224.750,204.750
TTLin1,28996.250,5.000,5.000
Opto1,29019.750,224.500,204.500
TTLin1,29495.750,5.250,5.250
Opto1,29519.500,224.250,204.250
TTLin1,29995.750,5.000,5.000
Opto1,30019.250,224.250,204.250
TTLin1,30495.500,5.000,5.000
Opto1,30518.750,224.500,204.500
TTLin1,30995.000,5.250,5.250
Opto1,31018.500,224.500,204.500
TTLin1,31495.000,5.250,5.250
Opto1,31518.250,224.250,204.250
TTLin1,31994.750,5.000,5.000
Opto1,32018.000,224.250,204.250
TTLin1,32494.500,5.000,5.000
Opto1,32517.750,224.250,204.250
TTLin1,32994.250,5.000,5.000
Opto1,33017.250,224.500,204.500
TTLin1,33494.000,5.000,5.000
Opto1,33517.250,224.250,204.250
TTLin1,33993.500,5.000,5.000
Opto1,34017.000,224.250,204.250
TTLin1,34493.250,5.250,5.250
Opto1,34516.750,224.250,204.250
TTLin1,34993.000,5.000,5.000
Opto1,35016.250,224.500,204.500
TTLin1,35492.750,5.000,5.000
Opto1,35515.750,224.500,204.500
TTLin1,35992.500,5.000,5.000
Opto1,36015.500,224.750,204.750
TTLin1,36492.250,5.000,5.000
Opto1,36515.500,224.250,204.250
TTLin1,36991.750,5.250,5.250
Opto1,37015.250,224.000,204.000
TTLin1,37491.500,5.250,5.250
Opto1,37515.000,224.250,204.250
TTLin1,37991.000,5.000,5.000
Opto1,38014.500,224.250,204.250
TTLin1,38491.000,5.000,5.000
Opto1,38514.250,224.250,204.250
TTLin1,38990.500,5.250,5.250
Opto1,39013.750,224.500,204.500
TTLin1,39490.250,5.250,5.250
Opto1,39513.750,224.000,204.000
TTLin1,39990.000,5.250,5.250
Opto1,40013.250,224.500,204.500
TTLin1,40489.750,5.250,5.250
Opto1,40513.000,224.500,204.500
TTLin1,40989.500,5.000,5.000
Opto1,41012.750,224.500,204.500
TTLin1,41489.250,5.000,5.000
Opto1,41512.500,224.250,204.250
TTLin1,41988.750,5.250,5.250
Opto1,42012.250,224.250,204.250
TTLin1,42488.750,5.000,5.000
Opto1,42512.000,240.750,220.750
TTLin1,43004.500,5.000,5.000
Opto1,43028.250,224.500,204.500
TTLin1,43504.250,5.250,5.250
Opto1,43528.000,224.250,204.250
TTLin1,44004.250,5.000,5.000
Opto1,44027.750,224.250,204.250
TTLin1,44503.750,5.000,5.000
Opto1,44527.500,240.750,220.750
TTLin1,45018.250,5.250,5.250
Opto1,45043.750,224.500,204.500
TTLin1,45518.000,5.000,5.000
Opto1,45543.500,224.250,204.250
TTLin1,46017.750,5.250,5.250
Opto1,46043.250,224.250,204.250
TTLin1,46518.000,5.000,5.000
Opto1,46543.000,224.250,204.250
TTLin1,47017.750,5.000,5.000
Opto1,47042.500,224.500,204.500
TTLin1,47518.250,5.000,5.000
Opto1,47542.500,224.250,204.250
TTLin1,48018.000,5.000,5.000
Opto1,48042.000,224.500,204.500
TTLin1,48517.750,5.000,5.000
Opto1,48541.500,224.750,204.750
TTLin1,49017.500,5.000,5.000
Opto1,49041.500,224.250,204.250
TTLin1,49517.500,5.000,5.000
Opto1,49541.250,224.500,204.500
TTLin1,50017.500,5.000,5.000
Opto1,50040.750,224.500,204.500
TTLin1,50516.750,5.250,5.250
Opto1,50540.750,224.250,204.250
TTLin1,51016.750,5.250,5.250
Opto1,51040.250,224.500,204.500
TTLin1,51516.250,5.250,5.250
Opto1,51540.000,224.500,204.500
TTLin1,52016.250,5.000,5.000
Opto1,52039.750,224.500,204.500
TTLin1,52515.750,5.000,5.000
Opto1,52539.500,224.250,204.250
TTLin1,53015.500,5.000,5.000
Opto1,53039.000,224.500,204.500
TTLin1,53515.250,5.000,5.000
Opto1,53538.750,224.500,204.500
TTLin1,54015.000,5.250,5.250
Opto1,54038.500,224.500,204.500
TTLin1,54514.750,5.000,5.000
Opto1,54538.250,241.000,221.000
TTLin1,55031.000,5.000,5.000
Opto1,55054.500,224.500,204.500
TTLin1,55531.000,5.250,5.250
Opto1,55554.250,224.500,204.500
TTLin1,56030.750,5.000,5.000
Opto1,56054.000,224.500,204.500
TTLin1,56530.500,5.000,5.000
Opto1,56553.500,224.750,204.750
TTLin1,57030.000,5.000,5.000
Opto1,57053.500,224.250,204.250
TTLin1,57529.750,5.250,5.250
Opto1,57553.250,224.250,204.250
TTLin1,58029.500,5.000,5.000
Opto1,58053.000,224.250,204.250
TTLin1,58529.250,5.000,5.000
Opto1,58552.500,224.500,204.500
TTLin1,59029.000,5.000,5.000
Opto1,59052.250,224.250,204.250
TTLin1,59528.750,5.000,5.000
Opto1,59552.000,224.500,204.500
TTLin1,60028.500,5.000,5.000
Opto1,60051.750,224.500,204.500
TTLin1,60528.000,5.000,5.000
Opto1,60551.500,224.250,204.250
TTLin1,61027.750,5.250,5.250
Opto1,61051.000,224.500,204.500
TTLin1,61527.500,5.000,5.000
Opto1,61550.750,224.500,204.500
TTLin1,62027.000,5.250,5.250
Opto1,62050.500,224.500,204.500
TTLin1,62526.750,5.250,5.250
Opto1,62550.250,224.500,204.500
TTLin1,63026.500,5.000,5.000
Opto1,63050.000,224.250,204.250
TTLin1,63526.250,5.000,5.000
Opto1,63549.750,224.500,204.500
TTLin1,64026.000,5.000,5.000
Opto1,64049.500,224.250,204.250
TTLin1,64525.500,5.000,5.000
Opto1,64549.000,224.500,204.500
TTLin1,65025.250,5.000,5.000
Opto1,65049.000,224.250,204.250
TTLin1,65525.000,5.250,5.250
Opto1,65548.500,224.500,204.500
TTLin1,66024.750,5.000,5.000
Opto1,66048.250,224.250,204.250
TTLin1,66524.500,5.000,5.000
Opto1,66547.750,224.750,204.750
TTLin1,67024.250,5.000,5.000
Opto1,67047.500,224.500,204.500
TTLin1,67524.000,5.000,5.000
Opto1,67547.250,224.500,204.500
TTLin1,68023.750,5.000,5.000
Opto1,68047.000,224.500,204.500
TTLin1,68523.250,5.250,5.250
Opto1,68547.000,240.750,220.750
TTLin1,69040.500,5.000,5.000
Opto1,69063.250,224.250,204.250
TTLin1,69540.000,5.000,5.000
Opto1,69562.750,224.500,204.500
TTLin1,70039.750,5.000,5.000
Opto1,70062.750,224.250,204.250
TTLin1,70539.500,5.000,5.000
Opto1,70562.250,224.250,204.250
TTLin1,71039.250,5.000,5.000
Opto1,71062.000,224.250,204.250
TTLin1,71538.750,5.250,5.250
Opto1,71561.750,224.250,204.250
TTLin1,72038.500,5.000,5.000
Opto1,72061.250,224.750,204.750
TTLin1,72538.250,5.000,5.000
Opto1,72561.000,224.500,204.500
TTLin1,73038.000,5.250,5.250
Opto1,73060.750,224.500,204.500
TTLin1,73537.750,5.000,5.000
Opto1,73560.500,224.250,204.250
TTLin1,74037.500,5.000,5.000
Opto1,74060.250,224.500,204.500
TTLin1,74537.000,5.000,5.000
Opto1,74559.750,224.750,204.750
TTLin1,75036.750,5.250,5.250
Opto1,75059.750,224.250,204.250
TTLin1,75536.250,5.000,5.000
Opto1,75559.500,224.250,204.250
TTLin1,76036.250,5.250,5.250
Opto1,76059.250,224.250,204.250
TTLin1,76535.750,5.000,5.000
Opto1,76559.000,224.000,204.000
TTLin1,77035.500,5.000,5.000
Opto1,77058.750,224.000,204.000
TTLin1,77535.250,5.000,5.000
Opto1,77558.250,224.250,204.250
TTLin1,78035.000,5.250,5.250
Opto1,78057.750,224.500,204.500
TTLin1,78534.750,5.000,5.000
Opto1,78557.750,240.750,220.750
TTLin1,79050.750,5.000,5.000
Opto1,79074.000,224.500,204.500
TTLin1,79550.500,5.250,5.250
Opto1,79573.750,224.500,204.500
TTLin1,80050.250,5.000,5.000
Opto1,80073.500,224.250,204.250
TTLin1,80550.000,5.000,5.000
Opto1,80573.250,224.250,204.250
TTLin1,81049.750,5.000,5.000
Opto1,81073.000,224.250,204.250
TTLin1,81549.250,5.000,5.000
Opto1,81572.500,224.500,204.500
TTLin1,82049.000,5.000,5.000
Opto1,82072.250,224.250,204.250
TTLin1,82548.750,5.250,5.250
Opto1,82572.000,224.250,204.250
TTLin1,83048.500,5.000,5.000
Opto1,83071.500,224.750,204.750
TTLin1,83548.000,5.250,5.250
Opto1,83571.250,224.750,204.750
TTLin1,84048.000,5.000,5.000
Opto1,84071.000,224.500,204.500
TTLin1,84547.500,5.250,5.250
Opto1,84570.750,224.500,204.500
TTLin1,85047.250,5.000,5.000
Opto1,85070.500,224.500,204.500
TTLin1,85547.000,5.250,5.250
Opto1,85570.250,224.250,204.250
TTLin1,86046.500,5.250,5.250
Opto1,86070.000,224.500,204.500
TTLin1,86546.250,5.000,5.000
Opto1,86569.500,224.500,204.500
TTLin1,87046.000,5.000,5.000
Opto1,87069.250,224.500,204.500
TTLin1,87545.750,5.000,5.000
Opto1,87569.000,224.500,204.500
TTLin1,88045.500,5.000,5.000
Opto1,88068.750,224.500,204.500
TTLin1,88545.250,5.000,5.000
Opto1,88568.500,224.500,204.500
TTLin1,89044.750,5.250,5.250
Opto1,89068.250,224.500,204.500
TTLin1,89544.500,5.000,5.000
Opto1,89568.000,224.250,204.250
TTLin1,90044.250,5.000,5.000
Opto1,90067.500,224.500,204.500
TTLin1,90544.000,5.000,5.000
Opto1,90567.500,240.750,220.750
TTLin1,91060.250,5.000,5.000
Opto1,91083.750,224.500,204.500
TTLin1,91560.000,5.000,5.000
Opto1,91583.250,224.500,204.500
TTLin1,92059.750,5.000,5.000
Opto1,92083.000,224.500,204.500
TTLin1,92559.250,5.000,5.000
Opto1,92583.000,224.000,204.000
TTLin1,93059.000,5.250,5.250
Opto1,93082.500,224.500,204.500
TTLin1,93559.000,5.000,5.000
Opto1,93582.250,224.500,204.500
TTLin1,94058.500,5.250,5.250
Opto1,94082.000,224.500,204.500
TTLin1,94558.250,5.000,5.000
Opto1,94581.750,224.250,204.250
TTLin1,95058.000,5.000,5.000
Opto1,95081.500,224.250,204.250
TTLin1,95557.750,5.000,5.000
Opto1,95581.000,224.500,204.500
TTLin1,96057.250,5.250,5.250
Opto1,96081.000,224.250,204.250
TTLin1,96557.000,5.000,5.000
Opto1,96580.500,224.500,204.500
TTLin1,97056.750,5.000,5.000
Opto1,97080.250,224.250,204.250
TTLin1,97556.500,5.000,5.000
Opto1,97580.000,224.500,204.500
TTLin1,98056.250,5.000,5.000
Opto1,98079.750,224.250,204.250
TTLin1,98556.000,5.000,5.000
Opto1,98579.250,224.500,204.500
TTLin1,99055.500,5.000,5.000
Opto1,99079.250,224.250,204.250
TTLin1,99555.250,5.000,5.000
Opto1,99579.000,224.250,204.250
TTLin1,100055.000,5.000,5.000
Opto1,100078.500,224.250,204.250
TTLin1,100554.500,5.250,5.250
Opto1,100578.250,224.250,204.250
TTLin1,101054.500,5.000,5.000
Opto1,101078.000,224.250,204.250
TTLin1,101554.250,5.000,5.000
Opto1,101577.500,224.500,204.500
TTLin1,102056.000,5.000,5.000
Opto1,102077.500,224.000,204.000
TTLin1,102555.750,5.000,5.000
Opto1,102577.250,240.750,220.750
TTLin1,103069.250,5.000,5.000
Opto1,103093.250,224.750,204.750
TTLin1,103569.000,5.000,5.000
Opto1,103593.000,224.500,204.500
TTLin1,104068.750,5.250,5.250
Opto1,104092.750,224.500,204.500
TTLin1,104568.750,5.000,5.000
Opto1,104592.500,224.250,204.250
TTLin1,105069.250,5.000,5.000
Opto1,105092.250,224.500,204.500
TTLin1,105568.750,5.250,5.250
Opto1,105592.000,224.250,204.250
TTLin1,106068.500,5.250,5.250
Opto1,106091.500,224.500,204.500
TTLin1,106568.250,5.000,5.000
Opto1,106591.250,241.250,221.250
TTLin1,107081.500,5.000,5.000
Opto1,107108.000,224.250,204.250
TTLin1,107581.250,5.000,5.000
Opto1,107607.500,224.500,204.500
TTLin1,108081.500,5.000,5.000
Opto1,108107.000,224.500,204.500
TTLin1,108581.500,5.250,5.250
Opto1,108606.750,224.500,204.500
TTLin1,109081.500,5.250,5.250
Opto1,109106.750,224.250,204.250
TTLin1,109582.250,5.250,5.250
Opto1,109606.250,224.500,204.500
TTLin1,110082.000,5.000,5.000
Opto1,110106.250,224.250,204.250
TTLin1,110581.750,5.000,5.000
Opto1,110605.750,224.500,204.500
TTLin1,111081.500,5.000,5.000
Opto1,111105.500,224.250,204.250
TTLin1,111597.250,5.250,5.250
Opto1,111622.000,224.250,204.250
TTLin1,112097.250,5.000,5.000
Opto1,112121.500,224.250,204.250
TTLin1,112597.000,5.000,5.000
Opto1,112621.250,224.250,204.250
TTLin1,113096.500,5.000,5.000
Opto1,113121.000,224.500,204.500
TTLin1,113596.250,5.000,5.000
Opto1,113620.750,224.250,204.250
TTLin1,114096.000,5.000,5.000
Opto1,114120.250,224.500,204.500
TTLin1,114599.750,5.000,5.000
Opto1,114636.750,224.500,204.500
TTLin1,115112.000,5.000,5.000
Opto1,115136.500,224.250,204.250
TTLin1,115612.000,5.000,5.000
Opto1,115636.000,224.500,204.500
TTLin1,116111.750,5.250,5.250
Opto1,116135.750,224.500,204.500
TTLin1,116611.500,5.000,5.000
Opto1,116635.500,224.500,204.500
TTLin1,117111.500,5.000,5.000
Opto1,117135.250,224.500,204.500
TTLin1,117611.000,5.000,5.000
Opto1,117635.000,224.250,204.250
TTLin1,118111.000,5.250,5.250
Opto1,118134.750,224.250,204.250
TTLin1,118611.750,5.000,5.000
Opto1,118634.250,224.500,204.500
TTLin1,119111.250,5.000,5.000
Opto1,119134.250,224.250,204.250
TTLin1,119611.000,5.000,5.000
Opto1,119633.750,224.500,204.500
TTLin1,120110.750,5.000,5.000
Opto1,120133.750,224.000,204.000
TTLin1,120610.500,5.000,5.000
Opto1,120633.500,224.250,204.250
TTLin1,121110.000,5.250,5.250
Opto1,121133.000,224.250,204.250
TTLin1,121609.750,5.000,5.000
Opto1,121632.500,224.750,204.750
TTLin1,122109.500,5.250,5.250
Opto1,122132.500,224.250,204.250
TTLin1,122609.250,5.000,5.000
Opto1,122632.250,224.250,204.250
TTLin1,123109.000,5.000,5.000
Opto1,123132.000,224.250,204.250
TTLin1,123608.500,5.250,5.250
Opto1,123631.500,224.250,204.250
TTLin1,124108.250,5.250,5.250
Opto1,124131.250,224.500,204.500
TTLin1,124608.000,5.000,5.000
Opto1,124631.000,224.250,204.250
TTLin1,125107.750,5.000,5.000
Opto1,125130.750,224.500,204.500
TTLin1,125607.250,5.000,5.000
Opto1,125630.250,224.250,204.250
TTLin1,126107.000,5.250,5.250
Opto1,126130.000,224.500,204.500
TTLin1,126606.750,5.000,5.000
Opto1,126629.750,224.500,204.500
TTLin1,127106.500,5.250,5.250
Opto1,127129.500,224.250,204.250
TTLin1,127606.250,5.000,5.000
Opto1,127629.250,224.500,204.500
TTLin1,128106.000,5.000,5.000
Opto1,128129.000,224.250,204.250
TTLin1,128621.500,5.000,5.000
Opto1,128645.250,224.500,204.500
TTLin1,129121.500,5.000,5.000
Opto1,129145.250,224.000,204.000
TTLin1,129621.250,5.250,5.250
Opto1,129644.750,224.500,204.500
TTLin1,130121.000,5.000,5.000
Opto1,130144.500,224.250,204.250
TTLin1,130620.750,5.000,5.000
Opto1,130644.250,224.250,204.250
TTLin1,131120.500,5.000,5.000
Opto1,131143.750,224.500,204.500
TTLin1,131620.000,5.250,5.250
Opto1,131643.500,224.500,204.500
TTLin1,132119.750,5.000,5.000
Opto1,132143.250,224.500,204.500
TTLin1,132619.750,5.000,5.000
Opto1,132643.000,224.500,204.500
TTLin1,133119.500,5.000,5.000
Opto1,133142.750,224.500,204.500
TTLin1,133619.000,5.000,5.000
Opto1,133642.500,224.250,204.250
TTLin1,134118.750,5.000,5.000
Opto1,134142.250,224.250,204.250
TTLin1,134618.500,5.250,5.250
Opto1,134642.000,224.000,204.000
TTLin1,135118.250,5.000,5.000
Opto1,135141.500,224.250,204.250
TTLin1,135617.750,5.000,5.000
Opto1,135641.500,224.000,204.000
TTLin1,136117.500,5.250,5.250
Opto1,136141.000,224.250,204.250
TTLin1,136617.250,5.000,5.000
Opto1,136640.750,224.500,204.500
TTLin1,137117.000,5.000,5.000
Opto1,137140.500,224.250,204.250
TTLin1,137616.500,5.250,5.250
Opto1,137640.250,224.250,204.250
TTLin1,138116.250,5.250,5.250
Opto1,138139.750,224.500,204.500
TTLin1,138630.750,5.250,5.250
Opto1,138656.000,224.500,204.500
TTLin1,139130.750,5.000,5.000
Opto1,139156.000,224.250,204.250
TTLin1,139630.250,5.250,5.250
Opto1,139655.500,224.500,204.500
TTLin1,140130.250,5.000,5.000
Opto1,140155.500,224.000,204.000
TTLin1,140630.750,5.000,5.000
Opto1,140655.000,224.250,204.250
TTLin1,141132.000,5.000,5.000
Opto1,141154.750,224.500,204.500
TTLin1,141631.750,5.000,5.000
Opto1,141654.500,224.250,204.250
TTLin1,142131.500,5.000,5.000
Opto1,142154.000,224.500,204.500
TTLin1,142631.000,5.000,5.000
Opto1,142654.000,224.250,204.250
TTLin1,143130.750,5.000,5.000
Opto1,143153.750,224.250,204.250
TTLin1,143630.500,5.250,5.250
Opto1,143653.250,224.500,204.500
TTLin1,144130.250,5.000,5.000
Opto1,144153.000,224.500,204.500
TTLin1,144630.000,5.000,5.000
Opto1,144652.750,224.250,204.250
TTLin1,145129.750,5.000,5.000
Opto1,145152.250,224.500,204.500
TTLin1,145629.250,5.250,5.250
Opto1,145652.250,224.250,204.250
TTLin1,146129.000,5.250,5.250
Opto1,146151.750,224.500,204.500
TTLin1,146628.750,5.250,5.250
Opto1,146651.500,224.500,204.500
TTLin1,147128.500,5.000,5.000
Opto1,147151.500,224.250,204.250
TTLin1,147628.000,5.000,5.000
Opto1,147651.000,224.250,204.250
TTLin1,148127.750,5.000,5.000
Opto1,148150.750,224.500,204.500
TTLin1,148627.500,5.250,5.250
Opto1,148650.500,224.250,204.250
TTLin1,149127.250,5.000,5.000
Opto1,149150.250,224.250,204.250
TTLin1,149627.000,5.000,5.000
Opto1,149649.750,224.500,204.500
TTLin1,150126.750,5.000,5.000
Opto1,150149.750,224.250,204.250
TTLin1,150641.500,5.000,5.000
Opto1,150665.750,224.250,204.250
TTLin1,151141.750,5.000,5.000
Opto1,151165.750,224.000,204.000
TTLin1,151641.750,5.000,5.000
Opto1,151665.250,224.500,204.500
TTLin1,152141.500,5.000,5.000
Opto1,152165.000,224.250,204.250
TTLin1,152641.000,5.250,5.250
Opto1,152664.750,224.500,204.500
TTLin1,153141.000,5.000,5.000
Opto1,153164.500,224.250,204.250
TTLin1,153640.500,5.250,5.250
Opto1,153664.250,224.250,204.250
TTLin1,154140.500,5.000,5.000
Opto1,154164.000,224.250,204.250
TTLin1,154640.000,5.000,5.000
Opto1,154663.500,224.500,204.500
TTLin1,155139.750,5.250,5.250
Opto1,155163.250,224.500,204.500
TTLin1,155639.500,5.000,5.000
Opto1,155663.000,224.250,204.250
TTLin1,156139.250,5.000,5.000
Opto1,156162.750,224.250,204.250
TTLin1,156639.000,5.000,5.000
Opto1,156662.500,224.250,204.250
TTLin1,157138.500,5.250,5.250
Opto1,157162.250,224.250,204.250
TTLin1,157638.500,5.000,5.000
Opto1,157662.000,224.250,204.250
TTLin1,158138.000,5.250,5.250
Opto1,158161.750,224.000,204.000
TTLin1,158637.750,5.250,5.250
Opto1,158661.250,224.250,204.250
TTLin1,159137.500,5.000,5.000
Opto1,159161.000,224.500,204.500
TTLin1,159637.250,5.000,5.000
Opto1,159660.750,224.250,204.250
TTLin1,160136.750,5.250,5.250
Opto1,160160.500,224.250,204.250
TTLin1,160636.750,5.000,5.000
Opto1,160660.250,224.250,204.250
TTLin1,161136.500,5.000,5.000
Opto1,161159.750,224.500,204.500
TTLin1,161636.000,5.250,5.250
Opto1,161659.500,224.500,204.500
TTLin1,162135.750,5.000,5.000
Opto1,162159.250,224.500,204.500
TTLin1,162635.500,5.000,5.000
Opto1,162659.000,224.250,204.250
TTLin1,163135.250,5.000,5.000
Opto1,163158.750,224.250,204.250
TTLin1,163635.000,5.000,5.000
Opto1,163658.250,224.500,204.500
TTLin1,164134.500,5.250,5.250
Opto1,164158.000,224.250,204.250
TTLin1,164634.250,5.000,5.000
Opto1,164658.000,240.750,220.750
TTLin1,165147.250,5.000,5.000
Opto1,165174.250,224.250,204.250
TTLin1,165647.000,5.000,5.000
Opto1,165673.750,224.500,204.500
TTLin1,166148.000,5.250,5.250
Opto1,166173.500,224.500,204.500
TTLin1,166648.000,5.000,5.000
Opto1,166673.500,224.250,204.250
TTLin1,167148.250,5.000,5.000
Opto1,167173.000,224.250,204.250
TTLin1,167648.000,5.000,5.000
Opto1,167672.750,224.250,204.250
TTLin1,168149.250,5.000,5.000
Opto1,168172.250,224.500,204.500
TTLin1,168649.000,5.000,5.000
Opto1,168672.250,224.250,204.250
TTLin1,169148.500,5.000,5.000
Opto1,169171.750,224.500,204.500
TTLin1,169648.250,5.000,5.000
Opto1,169671.750,224.000,204.000
TTLin1,170148.000,5.000,5.000
Opto1,170171.250,224.250,204.250
TTLin1,170647.500,5.250,5.250
Opto1,170671.000,224.250,204.250
TTLin1,171147.500,5.000,5.000
Opto1,171170.500,224.500,204.500
TTLin1,171647.000,5.000,5.000
Opto1,171670.250,224.500,204.500
TTLin1,172146.750,5.000,5.000
Opto1,172170.000,224.500,204.500
TTLin1,172646.500,5.000,5.000
Opto1,172669.750,224.500,204.500
TTLin1,173146.000,5.000,5.000
Opto1,173169.500,224.250,204.250
TTLin1,173645.750,5.000,5.000
Opto1,173669.250,224.500,204.500
TTLin1,174145.500,5.250,5.250
Opto1,174169.000,224.500,204.500
TTLin1,174661.000,5.250,5.250
Opto1,174685.250,224.500,204.500
TTLin1,175161.250,5.000,5.000
Opto1,175185.000,224.250,204.250
TTLin1,175661.000,5.000,5.000
Opto1,175684.750,224.250,204.250
TTLin1,176160.750,5.000,5.000
Opto1,176184.500,224.250,204.250
TTLin1,176660.750,5.000,5.000
Opto1,176684.250,224.250,204.250
TTLin1,177160.250,5.250,5.250
Opto1,177184.000,224.250,204.250
TTLin1,177660.000,5.000,5.000
Opto1,177683.500,224.500,204.500
TTLin1,178159.750,5.000,5.000
Opto1,178183.500,224.250,204.250
TTLin1,178659.500,5.000,5.000
Opto1,178683.000,224.000,204.000
TTLin1,179159.250,5.000,5.000
Opto1,179182.750,224.500,204.500
TTLin1,179659.000,5.000,5.000
Opto1,179682.500,224.250,204.250
TTLin1,180158.500,5.250,5.250
Opto1,180182.250,224.250,204.250
TTLin1,180658.500,5.000,5.000
Opto1,180681.750,224.500,204.500
TTLin1,181158.000,5.000,5.000
Opto1,181181.500,224.250,204.250
TTLin1,181657.750,5.000,5.000
Opto1,181681.000,224.750,204.750
TTLin1,182157.500,5.000,5.000
Opto1,182181.000,224.250,204.250
TTLin1,182657.250,5.000,5.000
Opto1,182680.750,224.250,204.250
TTLin1,183157.000,5.250,5.250
Opto1,183180.250,224.500,204.500
TTLin1,183656.750,5.000,5.000
Opto1,183680.250,224.250,204.250
TTLin1,184156.250,5.250,5.250
Opto1,184179.750,224.250,204.250
TTLin1,184656.000,5.250,5.250
Opto1,184679.750,224.250,204.250
TTLin1,185155.750,5.000,5.000
Opto1,185179.250,224.500,204.500
TTLin1,185655.500,5.000,5.000
Opto1,185679.000,224.250,204.250
TTLin1,186155.250,5.000,5.000
Opto1,186178.500,224.500,204.500
TTLin1,186655.000,5.000,5.000
Opto1,186678.500,224.250,204.250
TTLin1,187155.750,5.250,5.250
Opto1,187178.250,224.250,204.250
TTLin1,187655.500,5.000,5.000
Opto1,187677.750,224.250,204.250
TTLin1,188155.250,5.250,5.250
Opto1,188177.500,224.500,204.500
TTLin1,188670.250,5.000,5.000
Opto1,188710.500,224.500,204.500
TTLin1,189184.500,5.000,5.000
Opto1,189210.250,224.250,204.250
TTLin1,189684.000,5.000,5.000
Opto1,189710.000,224.250,204.250
TTLin1,190183.750,5.000,5.000
Opto1,190209.750,224.250,204.250
TTLin1,190684.250,5.000,5.000
Opto1,190709.250,224.500,204.500
TTLin1,191184.000,5.250,5.250
Opto1,191209.250,224.250,204.250
TTLin1,191686.250,5.000,5.000
Opto1,191708.750,224.250,204.250
TTLin1,192186.000,5.000,5.000
Opto1,192208.500,224.500,204.500
TTLin1,192685.750,5.000,5.000
Opto1,192708.250,224.250,204.250
TTLin1,193185.500,5.000,5.000
Opto1,193207.750,224.750,204.750
TTLin1,193685.000,5.250,5.250
Opto1,193707.500,224.500,204.500
TTLin1,194184.750,5.000,5.000
Opto1,194207.500,224.250,204.250
TTLin1,194684.500,5.000,5.000
Opto1,194707.000,224.500,204.500
TTLin1,195184.250,5.250,5.250
Opto1,195206.750,224.250,204.250
TTLin1,195683.750,5.000,5.000
Opto1,195706.500,224.250,204.250
TTLin1,196183.500,5.000,5.000
Opto1,196206.000,224.500,204.500
TTLin1,196683.250,5.250,5.250
Opto1,196706.000,224.250,204.250
TTLin1,197183.000,5.000,5.000
Opto1,197205.750,224.250,204.250
TTLin1,197682.750,5.000,5.000
Opto1,197705.250,224.500,204.500
TTLin1,198182.250,5.000,5.000
Opto1,198205.000,224.500,204.500
TTLin1,198697.500,5.000,5.000
Opto1,198721.500,224.250,204.250
TTLin1,199197.250,5.250,5.250
Opto1,199221.000,224.500,204.500
TTLin1,199697.250,5.000,5.000
Opto1,199721.000,224.000,204.000
TTLin1,200196.750,5.250,5.250
Opto1,200220.750,224.000,204.000
TTLin1,200697.000,5.000,5.000
Opto1,200720.250,224.250,204.250
TTLin1,201196.750,5.250,5.250
Opto1,201220.000,224.250,204.250
TTLin1,201696.500,5.000,5.000
Opto1,201719.500,224.500,204.500
TTLin1,202196.000,5.250,5.250
Opto1,202219.500,224.000,204.000
TTLin1,202696.000,5.000,5.000
Opto1,202719.250,224.250,204.250
TTLin1,203195.500,5.250,5.250
Opto1,203218.750,224.250,204.250
TTLin1,203695.250,5.000,5.000
Opto1,203718.500,224.250,204.250
TTLin1,204195.000,5.000,5.000
Opto1,204218.000,224.500,204.500
TTLin1,204694.750,5.000,5.000
Opto1,204718.000,224.500,204.500
TTLin1,205194.250,5.000,5.000
Opto1,205217.750,224.250,204.250
TTLin1,205694.000,5.000,5.000
Opto1,205717.500,224.250,204.250
TTLin1,206193.750,5.000,5.000
Opto1,206217.250,224.250,204.250
TTLin1,206693.250,5.000,5.000
Opto1,206716.750,224.250,204.250
TTLin1,207193.250,5.000,5.000
Opto1,207216.500,224.250,204.250
TTLin1,207693.000,5.000,5.000
Opto1,207716.250,224.250,204.250
TTLin1,208192.500,5.000,5.000
Opto1,208216.000,224.250,204.250
TTLin1,208692.250,5.000,5.000
Opto1,208715.500,224.250,204.250
TTLin1,209192.000,5.000,5.000
Opto1,209215.250,224.250,204.250
TTLin1,209691.500,5.250,5.250
Opto1,209715.000,224.500,204.500
TTLin1,210191.500,5.000,5.000
Opto1,210214.750,224.250,204.250
TTLin1,210707.000,5.250,5.250
Opto1,210731.000,224.500,204.500
TTLin1,211207.250,5.250,5.250
Opto1,211231.000,224.250,204.250
TTLin1,211706.750,5.000,5.000
Opto1,211730.500,224.250,204.250
TTLin1,212206.500,5.000,5.000
Opto1,212230.250,224.250,204.250
TTLin1,212721.500,5.000,5.000
Opto1,212746.750,224.250,204.250
TTLin1,213221.250,5.000,5.000
Opto1,213246.250,224.500,204.500
TTLin1,213721.000,5.250,5.250
Opto1,213746.250,224.000,204.000
TTLin1,214221.500,5.000,5.000
Opto1,214245.750,224.250,204.250
TTLin1,214721.000,5.000,5.000
Opto1,214745.500,224.250,204.250
TTLin1,215221.250,5.250,5.250
Opto1,215245.250,224.000,204.000
TTLin1,215721.000,5.000,5.000
Opto1,215744.750,224.250,204.250
TTLin1,216220.750,5.000,5.000
Opto1,216244.750,224.000,204.000
TTLin1,216720.500,5.000,5.000
Opto1,216744.250,224.500,204.500
TTLin1,217220.250,5.000,5.000
Opto1,217244.000,224.250,204.250
TTLin1,217720.000,5.000,5.000
Opto1,217743.750,224.500,204.500
TTLin1,218220.000,5.250,5.250
Opto1,218243.250,224.500,204.500
TTLin1,218720.000,5.000,5.000
Opto1,218743.000,224.500,204.500
TTLin1,219219.500,5.000,5.000
Opto1,219243.000,224.250,204.250
TTLin1,219719.000,5.250,5.250
Opto1,219742.500,224.250,204.250
TTLin1,220219.000,5.250,5.250
Opto1,220242.250,224.500,204.500
TTLin1,220718.750,5.250,5.250
Opto1,220742.000,224.250,204.250
TTLin1,221218.500,5.000,5.000
Opto1,221241.750,224.250,204.250
TTLin1,221718.250,5.000,5.000
Opto1,221741.250,224.500,204.500
TTLin1,222217.750,5.250,5.250
Opto1,222241.000,224.500,204.500
TTLin1,222730.250,5.000,5.000
Opto1,222757.500,224.250,204.250
TTLin1,223230.250,5.000,5.000
Opto1,223257.250,224.500,204.500
TTLin1,223730.000,5.000,5.000
Opto1,223756.750,224.500,204.500
TTLin1,224231.250,5.000,5.000
Opto1,224256.500,224.250,204.250
TTLin1,224731.250,5.250,5.250
Opto1,224756.250,224.500,204.500
TTLin1,225231.250,5.250,5.250
Opto1,225256.250,224.250,204.250
TTLin1,225731.000,5.000,5.000
Opto1,225755.750,224.250,204.250
TTLin1,226231.250,5.000,5.000
Opto1,226255.500,224.250,204.250
TTLin1,226731.000,5.250,5.250
Opto1,226755.000,224.500,204.500
TTLin1,227230.750,5.000,5.000
Opto1,227255.000,224.250,204.250
TTLin1,227730.750,5.000,5.000
Opto1,227754.750,224.250,204.250
TTLin1,228230.500,5.250,5.250
Opto1,228254.250,224.500,204.500
TTLin1,228730.250,5.000,5.000
Opto1,228754.000,224.250,204.250
TTLin1,229230.000,5.000,5.000
Opto1,229253.750,224.250,204.250
TTLin1,229729.500,5.250,5.250
Opto1,229753.500,224.250,204.250
TTLin1,230229.250,5.000,5.000
Opto1,230253.250,224.250,204.250
TTLin1,230729.250,5.000,5.000
Opto1,230753.000,274.000,254.000
TTLin1,231275.500,5.250,5.250
Opto1,231302.500,224.250,204.250
TTLin1,231775.000,5.250,5.250
Opto1,231802.250,224.250,204.250
TTLin1,232276.250,5.000,5.000
Opto1,232302.000,224.250,204.250
TTLin1,232776.000,5.000,5.000
Opto1,232801.500,224.500,204.500
TTLin1,233276.250,5.000,5.000
Opto1,233301.500,224.250,204.250
TTLin1,233776.250,5.250,5.250
Opto1,233801.000,224.500,204.500
TTLin1,234276.250,5.000,5.000
Opto1,234300.750,224.250,204.250
TTLin1,234792.250,5.000,5.000
Opto1,234817.250,224.250,204.250
TTLin1,235292.750,5.000,5.000
Opto1,235316.750,224.500,204.500
TTLin1,235792.500,5.000,5.000
Opto1,235816.500,224.500,204.500
TTLin1,236292.250,5.000,5.000
Opto1,236316.500,224.250,204.250
TTLin1,236792.250,5.000,5.000
Opto1,236816.000,224.250,204.250
TTLin1,237292.000,5.250,5.250
Opto1,237315.750,224.250,204.250
TTLin1,237791.750,5.000,5.000
Opto1,237815.500,224.250,204.250
TTLin1,238291.500,5.000,5.000
Opto1,238315.000,224.500,204.500
TTLin1,238791.250,5.000,5.000
Opto1,238814.750,224.500,204.500
TTLin1,239291.000,5.250,5.250
Opto1,239314.750,224.250,204.250
TTLin1,239790.750,5.000,5.000
Opto1,239814.250,224.500,204.500
TTLin1,240290.500,5.000,5.000
Opto1,240314.000,224.250,204.250
TTLin1,240790.250,5.000,5.000
Opto1,240813.750,224.250,204.250
TTLin1,241290.000,5.000,5.000
Opto1,241313.250,224.500,204.500
TTLin1,241789.500,5.000,5.000
Opto1,241813.000,224.500,204.500
TTLin1,242289.250,5.250,5.250
Opto1,242313.000,224.250,204.250
TTLin1,242789.000,5.000,5.000
Opto1,242812.500,224.500,204.500
TTLin1,243288.750,5.000,5.000
Opto1,243312.250,224.500,204.500
TTLin1,243788.500,5.000,5.000
Opto1,243812.000,224.500,204.500
TTLin1,244288.250,5.000,5.000
Opto1,244311.750,224.250,204.250
TTLin1,244787.750,5.000,5.000
Opto1,244811.250,224.500,204.500
TTLin1,245287.500,5.000,5.000
Opto1,245311.000,224.500,204.500
TTLin1,245803.000,5.000,5.000
Opto1,245827.500,224.250,204.250
TTLin1,246302.750,5.000,5.000
Opto1,246327.250,224.250,204.250
TTLin1,246818.500,5.000,5.000
Opto1,246843.500,224.500,204.500
TTLin1,247319.000,5.000,5.000
Opto1,247343.250,224.500,204.500
TTLin1,247819.000,5.000,5.000
Opto1,247843.000,224.250,204.250
TTLin1,248318.750,5.250,5.250
Opto1,248342.750,224.250,204.250
TTLin1,248819.000,5.250,5.250
Opto1,248842.500,224.250,204.250
TTLin1,249318.750,5.000,5.000
Opto1,249342.000,224.500,204.500
TTLin1,249818.500,5.000,5.000
Opto1,249842.000,224.250,204.250
TTLin1,250318.250,5.000,5.000
Opto1,250341.500,224.500,204.500
TTLin1,250818.000,5.000,5.000
Opto1,250841.250,224.250,204.250
TTLin1,251317.500,5.000,5.000
Opto1,251340.750,224.500,204.500
TTLin1,251817.250,5.000,5.000
Opto1,251840.500,224.250,204.250
TTLin1,252316.750,5.250,5.250
Opto1,252340.250,224.500,204.500
TTLin1,252816.750,5.000,5.000
Opto1,252840.000,224.250,204.250
TTLin1,253316.250,5.000,5.000
Opto1,253339.750,224.250,204.250
TTLin1,253816.000,5.000,5.000
Opto1,253839.500,224.500,204.500
TTLin1,254315.750,5.000,5.000
Opto1,254339.250,224.250,204.250
TTLin1,254815.500,5.000,5.000
Opto1,254838.750,224.500,204.500
TTLin1,255315.250,5.000,5.000
Opto1,255338.750,224.000,204.000
TTLin1,255814.750,5.000,5.000
Opto1,255838.250,224.500,204.500
TTLin1,256314.500,5.250,5.250
Opto1,256338.000,224.500,204.500
TTLin1,256814.250,5.000,5.000
Opto1,256837.750,224.250,204.250
TTLin1,257314.000,5.000,5.000
Opto1,257337.250,224.750,204.750
TTLin1,257813.750,5.000,5.000
Opto1,257837.250,224.250,204.250
TTLin1,258313.250,5.000,5.000
Opto1,258337.000,224.250,204.250
TTLin1,258829.750,5.000,5.000
Opto1,258853.000,224.750,204.750
TTLin1,259329.500,5.000,5.000
Opto1,259353.000,224.250,204.250
TTLin1,259829.000,5.250,5.250
Opto1,259852.500,224.500,204.500
TTLin1,260328.750,5.000,5.000
Opto1,260352.250,224.500,204.500
TTLin1,260828.750,5.250,5.250
Opto1,260852.250,224.000,204.000
TTLin1,261328.500,5.250,5.250
Opto1,261352.000,224.250,204.250
TTLin1,261828.250,5.250,5.250
Opto1,261851.500,224.250,204.250
TTLin1,262328.000,5.000,5.000
Opto1,262351.000,224.750,204.750
TTLin1,262827.750,5.250,5.250
Opto1,262851.000,224.000,204.000
TTLin1,263327.500,5.000,5.000
Opto1,263350.500,224.500,204.500
TTLin1,263827.000,5.000,5.000
Opto1,263850.500,224.000,204.000
TTLin1,264326.750,5.000,5.000
Opto1,264350.000,224.500,204.500
TTLin1,264826.500,5.000,5.000
Opto1,264849.750,224.250,204.250
TTLin1,265326.250,5.250,5.250
Opto1,265349.500,224.500,204.500
TTLin1,265826.000,5.000,5.000
Opto1,265849.250,224.250,204.250
TTLin1,266325.500,5.000,5.000
Opto1,266349.000,224.250,204.250
TTLin1,266825.500,5.000,5.000
Opto1,266848.500,224.500,204.500
TTLin1,267325.250,5.000,5.000
Opto1,267348.500,224.000,204.000
TTLin1,267824.750,5.250,5.250
Opto1,267848.000,224.250,204.250
TTLin1,268324.500,5.000,5.000
Opto1,268347.750,224.500,204.500
TTLin1,268824.000,5.250,5.250
Opto1,268847.500,224.250,204.250
TTLin1,269324.000,5.000,5.000
Opto1,269347.250,224.250,204.250
TTLin1,269823.750,5.000,5.000
Opto1,269847.000,224.250,204.250
TTLin1,270323.250,5.000,5.000
Opto1,270346.500,224.500,204.500
TTLin1,270836.500,5.000,5.000
Opto1,270862.750,224.500,204.500
TTLin1,271336.250,5.000,5.000
Opto1,271362.500,224.500,204.500
TTLin1,271837.250,5.000,5.000
Opto1,271862.500,224.250,204.250
TTLin1,272337.000,5.250,5.250
Opto1,272362.250,224.250,204.250
TTLin1,272852.500,5.000,5.000
Opto1,272878.250,224.500,204.500
TTLin1,273352.250,5.000,5.000
Opto1,273378.250,224.250,204.250
TTLin1,273852.000,5.000,5.000
Opto1,273878.000,224.250,204.250
TTLin1,274351.750,5.000,5.000
Opto1,274377.500,224.250,204.250
TTLin1,274852.500,5.000,5.000
Opto1,274877.250,224.250,204.250
TTLin1,275352.500,5.000,5.000
Opto1,275377.000,224.500,204.500
TTLin1,275852.250,5.250,5.250
Opto1,275876.750,224.250,204.250
TTLin1,276352.250,5.250,5.250
Opto1,276376.250,224.500,204.500
TTLin1,276852.000,5.250,5.250
Opto1,276876.250,224.250,204.250
TTLin1,277352.000,5.000,5.000
Opto1,277375.750,224.500,204.500
TTLin1,277852.250,5.250,5.250
Opto1,277875.500,224.500,204.500
TTLin1,278352.000,5.250,5.250
Opto1,278375.250,224.250,204.250
TTLin1,278851.750,5.000,5.000
Opto1,278875.000,224.250,204.250
TTLin1,279351.500,5.000,5.000
Opto1,279374.750,224.250,204.250
TTLin1,279851.000,5.000,5.000
Opto1,279874.500,224.250,204.250
TTLin1,280350.750,5.000,5.000
Opto1,280374.000,224.500,204.500
TTLin1,280850.500,5.000,5.000
Opto1,280873.750,224.500,204.500
TTLin1,281350.250,5.000,5.000
Opto1,281373.750,224.000,204.000
TTLin1,281850.000,5.000,5.000
Opto1,281873.250,224.250,204.250
TTLin1,282349.750,5.000,5.000
Opto1,282373.000,224.250,204.250
TTLin1,282865.500,5.000,5.000
Opto1,282889.500,224.250,204.250
TTLin1,283365.500,5.250,5.250
Opto1,283389.000,224.500,204.500
TTLin1,283865.250,5.000,5.000
Opto1,283888.750,224.250,204.250
TTLin1,284365.000,5.000,5.000
Opto1,284388.500,224.250,204.250
TTLin1,284864.750,5.000,5.000
Opto1,284888.250,224.250,204.250
TTLin1,285364.500,5.000,5.000
Opto1,285388.000,224.250,204.250
TTLin1,285864.250,5.250,5.250
Opto1,285887.750,224.000,204.000
TTLin1,286364.000,5.000,5.000
Opto1,286387.250,224.250,204.250
TTLin1,286863.750,5.000,5.000
Opto1,286887.000,224.250,204.250
TTLin1,287363.250,5.250,5.250
Opto1,287386.750,224.250,204.250
TTLin1,287863.250,5.000,5.000
Opto1,287886.250,224.500,204.500
TTLin1,288362.750,5.250,5.250
Opto1,288386.250,224.250,204.250
TTLin1,288862.500,5.000,5.000
Opto1,288886.000,224.250,204.250
TTLin1,289362.250,5.000,5.000
Opto1,289385.500,224.250,204.250
TTLin1,289861.750,5.250,5.250
Opto1,289885.250,224.250,204.250
TTLin1,290361.500,5.000,5.000
Opto1,290385.000,224.250,204.250
TTLin1,290861.250,5.000,5.000
Opto1,290884.750,224.250,204.250
TTLin1,291361.000,5.000,5.000
Opto1,291384.500,224.250,204.250
TTLin1,291860.750,5.000,5.000
Opto1,291884.000,224.250,204.250
TTLin1,292360.500,5.000,5.000
Opto1,292384.000,224.250,204.250
TTLin1,292860.000,5.000,5.000
Opto1,292883.750,224.000,204.000
TTLin1,293359.750,5.000,5.000
Opto1,293383.250,224.250,204.250
TTLin1,293873.250,5.250,5.250
Opto1,293899.500,224.250,204.250
TTLin1,294373.000,5.000,5.000
Opto1,294399.250,224.500,204.500
TTLin1,294889.500,5.000,5.000
Opto1,294915.750,224.250,204.250
TTLin1,295390.250,5.000,5.000
Opto1,295415.500,224.250,204.250
TTLin1,295890.250,5.000,5.000
Opto1,295915.000,224.500,204.500
TTLin1,296390.500,5.250,5.250
Opto1,296415.000,224.250,204.250
TTLin1,296904.250,5.000,5.000
Opto1,296931.250,224.250,204.250
TTLin1,297404.000,5.000,5.000
Opto1,297431.000,224.250,204.250
TTLin1,297903.750,5.000,5.000
Opto1,297930.750,224.250,204.250
TTLin1,298405.000,5.000,5.000
Opto1,298430.250,224.500,204.500
TTLin1,298904.750,5.250,5.250
Opto1,298930.000,224.500,204.500
TTLin1,299405.250,5.250,5.250
Opto1,299429.750,224.250,204.250
TTLin1,299906.250,5.000,5.000
Opto1,299929.500,70.500,50.500
